-- phpMyAdmin SQL Dump
-- version 4.4.14
-- http://www.phpmyadmin.net
--
-- 主機: 127.0.0.1
-- 產生時間： 2016-01-10 08:22:25
-- 伺服器版本: 5.6.26
-- PHP 版本： 5.6.12

SET SQL_MODE = "NO_AUTO_VALUE_ON_ZERO";
SET time_zone = "+00:00";


/*!40101 SET @OLD_CHARACTER_SET_CLIENT=@@CHARACTER_SET_CLIENT */;
/*!40101 SET @OLD_CHARACTER_SET_RESULTS=@@CHARACTER_SET_RESULTS */;
/*!40101 SET @OLD_COLLATION_CONNECTION=@@COLLATION_CONNECTION */;
/*!40101 SET NAMES utf8mb4 */;

--
-- 資料庫： `shopcar`
--

-- --------------------------------------------------------

--
-- 資料表結構 `使用者`
--

CREATE TABLE IF NOT EXISTS `使用者` (
  `帳號` varchar(20) NOT NULL,
  `密碼` varchar(20) DEFAULT NULL,
  `姓名` varchar(10) DEFAULT NULL,
  `電子郵件` varchar(45) DEFAULT NULL,
  `地址` varchar(100) DEFAULT NULL,
  `電話` varchar(20) DEFAULT NULL,
  `權限` varchar(10) DEFAULT NULL
) ENGINE=InnoDB DEFAULT CHARSET=utf8;

--
-- 資料表的匯出資料 `使用者`
--

INSERT INTO `使用者` (`帳號`, `密碼`, `姓名`, `電子郵件`, `地址`, `電話`, `權限`) VALUES
('', '', '123', '', '', '', ''),
('1', '1', '率翻了', '1', '123123', '台北', '一般會員'),
('10', '10', '101', '010', '10', '1', '一般會員'),
('123', '123', '123', '123', '123', '台北', '一般會員'),
('2', '3', '2', '2', '2', '2', '一般會員'),
('4', '4', '34', '3', '3', '3', '一般會員'),
('5', '5', '55', '5', '5', '5', '一般會員'),
('6', '6', '6', '6', '6', '6', '一般會員'),
('chen', 'chen', '利安', 'caryuio@oo.com.tw', '0952479351', '台中市北屯', '管理者'),
('root', '321', '123123', '1', '台北市', '0952479', '一般會員'),
('root9', '3219', '9', '9', '9', '9', '一般會員');

-- --------------------------------------------------------

--
-- 資料表結構 `商品`
--

CREATE TABLE IF NOT EXISTS `商品` (
  `商品編號` varchar(20) NOT NULL,
  `商品類別_類別編號` varchar(20) NOT NULL,
  `商品名稱` varchar(50) DEFAULT NULL,
  `商品單價` int(10) unsigned DEFAULT NULL,
  `圖檔名` varchar(255) DEFAULT NULL,
  `商品說明` text,
  `庫存量` int(10) unsigned DEFAULT NULL
) ENGINE=InnoDB DEFAULT CHARSET=utf8;

--
-- 資料表的匯出資料 `商品`
--

INSERT INTO `商品` (`商品編號`, `商品類別_類別編號`, `商品名稱`, `商品單價`, `圖檔名`, `商品說明`, `庫存量`) VALUES
('10', '2', '祕魯003', 100, 'images/2.jpg', '祕魯祕魯咖啡豆', 108),
('11', '2', '祕魯004', 100, 'images/2.jpg', '祕魯祕魯咖啡豆', 100),
('12', '2', '祕魯005', 100, 'images/2.jpg', '祕魯祕魯咖啡豆', 96),
('13', '2', '祕魯006', 100, 'images/2.jpg', '祕魯祕魯咖啡豆', 99),
('14', '2', '祕魯007', 100, 'images/2.jpg', '祕魯祕魯咖啡豆', 110),
('15', '3', '美國001', 100, 'images/1.jpg', '美國咖啡豆', 180),
('16', '3', '美國002', 100, 'images/1.jpg', '美國咖啡豆', 108),
('18', '3', '美國004', 100, 'images/1.jpg', '美國咖啡豆', 100),
('19', '3', '美國005', 100, 'images/1.jpg', '美國咖啡豆', 87),
('2', '1', '巴西002', 13, 'images/1.jpg', '我真帥', 20),
('20', '3', '美國006', 100, 'images/1.jpg', '美國咖啡豆', 93),
('21', '3', '美國007', 100, 'images/1.jpg', '美國咖啡豆', 100),
('22', '4', '台灣001', 100, 'images/2.jpg', '台灣咖啡豆', 100),
('23', '4', '台灣002', 100, 'images/2.jpg', '台灣咖啡豆', 98),
('24', '4', '台灣003', 100, 'images/2.jpg', '台灣咖啡豆', 98),
('25', '4', '台灣004', 100, 'images/2.jpg', '台灣咖啡豆', 100),
('26', '4', '台灣005', 100, 'images/2.jpg', '台灣咖啡豆', 91),
('27', '4', '台灣006', 100, 'images/2.jpg', '台灣咖啡豆', 90),
('28', '4', '台灣007', 100, 'images/2.jpg', '台灣咖啡豆', 97),
('29', '5', '墨西哥001', 100, 'images/1.jpg', '墨西哥咖啡豆', 99),
('30', '5', '墨西哥002', 100, 'images/1.jpg', '墨西哥咖啡豆', 88),
('31', '5', '墨西哥003', 100, 'images/1.jpg', '墨西哥咖啡豆', 99),
('32', '5', '墨西哥004', 100, 'images/1.jpg', '墨西哥咖啡豆', 100),
('33', '5', '墨西哥005', 100, 'images/1.jpg', '墨西哥咖啡豆', 75),
('34', '5', '墨西哥006', 100, 'images/1.jpg', '墨西哥咖啡豆', 86),
('35', '5', '墨西哥007', 100, 'images/1.jpg', '墨西哥咖啡豆', 97),
('36', '6', '加拿大001', 100, 'images/2.jpg', '加拿大咖啡豆', 98),
('37', '6', '加拿大002', 100, 'images/2.jpg', '加拿大咖啡豆', 99),
('38', '6', '加拿大003', 100, 'images/2.jpg', '加拿大咖啡豆', 91),
('39', '6', '加拿大004', 100, 'images/2.jpg', '加拿大咖啡豆', 99),
('4', '1', '巴西004', 1000, 'images/1.jpg', '我真帥', 1000),
('40', '6', '加拿大005', 100, 'images/2.jpg', '加拿大咖啡豆', 52),
('41', '6', '加拿大006', 100, 'images/2.jpg', '加拿大咖啡豆', 44),
('42', '6', '加拿大007', 100, 'images/2.jpg', '加拿大咖啡豆', 64),
('5', '1', '巴西005', 1000, 'images/1.jpg', '我真帥', 999),
('6', '1', '巴西006', 1000, 'images/1.jpg', '我真帥', 996),
('7', '1', '巴西007', 1000, 'images/1.jpg', '我真帥', 998),
('8', '2', '祕魯001', 1000, 'images/2.jpg', '祕魯祕魯咖啡豆', 993),
('9', '2', '祕魯002', 1000, 'images/2.jpg', '祕魯祕魯咖啡豆', 998);

-- --------------------------------------------------------

--
-- 資料表結構 `商品類別`
--

CREATE TABLE IF NOT EXISTS `商品類別` (
  `類別編號` varchar(20) NOT NULL,
  `類別名稱` varchar(50) DEFAULT NULL,
  `類別照片` varchar(50) NOT NULL,
  `類別簡介` text NOT NULL
) ENGINE=InnoDB DEFAULT CHARSET=utf8;

--
-- 資料表的匯出資料 `商品類別`
--

INSERT INTO `商品類別` (`類別編號`, `類別名稱`, `類別照片`, `類別簡介`) VALUES
('1', '巴西', 'images/category/1.jpg', '在過去150年，巴西一直是世界上最大的咖啡生產國，約佔世界咖啡產量的約三分之一。於2011年，巴西仍是世界咖啡產量第一，其次為越南、印尼和哥倫比亞；該年巴西咖啡總產量為270萬噸，是越南咖啡總產量的兩倍。巴西大約有350萬人口從事咖啡種植業，他們主要居於農村地區。'),
('2', '祕魯', 'images/category/2.jpg', '祕魯位於南美洲西部，西臨太平洋， 與巴西、哥倫比亞、波利維亞幾個南美洲知名的咖啡產國接壤， 安地斯山脈縱貫南北，多樣化的產區地理環境與氣候影響， 產出許多種類不同的咖啡。做為世界上有機與公平貿易咖啡最大的出口國之一， 咖啡出口在祕魯的農業生產中佔有舉足輕重的高比例。'),
('3', '美國', 'images/category/3.jpg', '咖啡約於西元1607年從歐洲引進至北美，同時咖啡慢慢的取代了啤酒成為紐約客的早餐飲料，而美國最早記載咖啡的文獻約在西元1668年，但第一家咖啡館卻是在西元1691年才開幕，即位於波士頓的「倫敦咖啡館」(London Coffee House)。'),
('4', '台灣', 'images/category/4.jpg', '「很多人想來台灣，」主辦活動的咖啡精品生活工作室創辦人郭曉森說，這是他第一次主辦來台灣的咖啡團，但近年台灣許多咖啡達人到大陸教課，台北咖啡店的多元也吸引著觀光客，「大陸受台灣影響很深。」 台灣咖啡年產量不過約兩百噸，只是亞洲鄰居、年產六十萬噸的印尼的零頭；喝咖啡的歷史也不過百年左右。這幾年，能量卻快速累積。 '),
('5', '墨西哥', 'images/category/5.jpg', '曼特寧咖啡-在藍山尚未公諸於世的時代，是被認為世界第一的優良品，經過烘焙之後豆粒甚大，生豆呈褐色或深綠色，焦糖般特殊香味，口感香醇濃郁，性甘苦沒有柔和的酸味，卻有苦味。生產量比較少，故價錢較一般性咖啡豆略高。曼特寧主要產地有爪哇島、蘇拉威西島及蘇門答臘島，其中90%為羅布斯塔種。其中蘇門答臘島所產的「曼特林」最為有名。由於曼特寧 咖啡豆本身沒有酸的特性,所以一般特別沖調方式,都以曼特寧咖啡豆為基礎,在長時間的保溫或調製冰咖啡時,皆沒有令人討厭的酸澀口感出現 。'),
('6', '加拿大', 'images/category/6.jpg', 'Your Bean Cafe 來自 Vancouver, Canada 的咖啡精選。溫哥華自然怡人的氣候和得天獨厚的自然美景，使它成為享受生活主義的樂園，並多次被聯合國評為最適宜人類居住的城市。在加拿大提倡及尊重的多種族文化的熏陶下，使得溫哥華不僅擁有著北美的咖啡習性，更廣納百川的蘊育出自有的咖啡文化；溫哥華是加拿大咖啡館密度最高的城市，有各式各樣咖啡館林立，而這類咖啡館的咖啡都是票選公認比 Starbucks 有深度有層次內涵的。');

-- --------------------------------------------------------

--
-- 資料表結構 `訂單`
--

CREATE TABLE IF NOT EXISTS `訂單` (
  `訂單編號` varchar(20) NOT NULL,
  `使用者_帳號` varchar(20) NOT NULL,
  `總金額` int(10) unsigned DEFAULT NULL,
  `付款方式` varchar(20) DEFAULT NULL,
  `配送方式` varchar(20) DEFAULT NULL,
  `取貨超商` varchar(20) NOT NULL,
  `聯絡地址` varchar(50) NOT NULL,
  `聯絡電話` varchar(20) NOT NULL
) ENGINE=InnoDB DEFAULT CHARSET=utf8;

--
-- 資料表的匯出資料 `訂單`
--

INSERT INTO `訂單` (`訂單編號`, `使用者_帳號`, `總金額`, `付款方式`, `配送方式`, `取貨超商`, `聯絡地址`, `聯絡電話`) VALUES
('201601071001', 'root', 100, '貨到付款', '宅配', '', '', ''),
('201601071002', 'root', 100, '貨到付款', '宅配', '', '', ''),
('201601071003', 'root', 100, '信用卡', '宅配', '', '', ''),
('201601071004', 'root', 100, '貨到付款', '超商取貨', '真理街7-11', '', ''),
('201601071005', 'root', 100, '信用卡', '超商取貨', '新民街7-11', '', ''),
('201601071006', 'root', 100, '貨到付款', '超商取貨', '新民街7-11', '', ''),
('201601071007', 'root', 100, '貨到付款', '超商取貨', '新春街7-11', '', ''),
('201601071008', 'chen', 100, '信用卡', '超商取貨', '新民街7-11', '', '0952479351'),
('201601071009', 'chen', 100, '貨到付款', '超商取貨', '真理街7-11', '', '0952479351'),
('201601071010', 'chen', 100, '貨到付款', '宅配', '', '', '0952479351'),
('201601071011', 'chen', 1000, '貨到付款', '宅配', '', '', '0952479351'),
('201601071012', 'chen', 100, '信用卡', '宅配', '', '', '1531'),
('201601071013', 'chen', 100, '貨到付款', '超商取貨', '真理街7-11', '', '321546'),
('201601071014', 'chen', 200, '信用卡', '宅配', '', '台中市北屯', '0952479351'),
('201601071015', 'chen', 100, '貨到付款', '超商取貨', '新民街7-11', '台中市北屯', '0952479351'),
('201601071016', 'chen', 100, '信用卡', '宅配', '', '台市北', '095244'),
('201601071017', 'chen', 100, '信用卡', '超商取貨', '新民街7-11', '台中市北屯', '0952479351'),
('201601071018', 'chen', 100, '貨到付款', '超商取貨', '新民街7-11', '台中市北屯', '0952479351'),
('201601081001', 'root', 1500, '貨到付款', '超商取貨', '真理街7-11', '台北', '0952'),
('201601081002', 'chen', 1000, '貨到付款', '超商取貨', '真理街7-11', '台北屯', '09524'),
('201601081003', 'root', 100, '信用卡', '宅配', '', '台北市', '0952479'),
('201601101001', '123', 1400, '貨到付款', '超商取貨', '新春街7-11', '123', '123'),
('201601101002', 'chen', 700, '貨到付款', '超商取貨', '新民街7-11', '0952479351', '台中市北屯'),
('201601101003', '10', 100, '貨到付款', '超商取貨', '新民街7-11', '10', '1'),
('201601101004', '1', 2300, '信用卡', '宅配', '', '123123', '台北'),
('201601101005', '1', 100, '貨到付款', '超商取貨', '新民街7-11', '台北', '123');

-- --------------------------------------------------------

--
-- 資料表結構 `訂單明細`
--

CREATE TABLE IF NOT EXISTS `訂單明細` (
  `訂單_訂單編號` varchar(20) NOT NULL,
  `商品_商品編號` varchar(20) NOT NULL,
  `數量` int(10) unsigned DEFAULT NULL,
  `單價` int(10) unsigned DEFAULT NULL
) ENGINE=InnoDB DEFAULT CHARSET=utf8;

--
-- 資料表的匯出資料 `訂單明細`
--

INSERT INTO `訂單明細` (`訂單_訂單編號`, `商品_商品編號`, `數量`, `單價`) VALUES
('201601081001', '10', 1, 100),
('201601101002', '10', 1, 100),
('201601081001', '12', 1, 100),
('201601101002', '13', 1, 100),
('201601071003', '14', 1, 100),
('201601071012', '14', 1, 100),
('201601101002', '16', 1, 100),
('201601101004', '19', 1, 100),
('201601071014', '20', 1, 100),
('201601071006', '23', 1, 100),
('201601101002', '23', 1, 100),
('201601071001', '26', 1, 100),
('201601071002', '26', 1, 100),
('201601071004', '26', 1, 100),
('201601071009', '26', 1, 100),
('201601071016', '26', 1, 100),
('201601101004', '26', 1, 100),
('201601081001', '27', 1, 100),
('201601071005', '29', 1, 100),
('201601071007', '33', 1, 100),
('201601071010', '33', 1, 100),
('201601071013', '33', 1, 100),
('201601071015', '33', 1, 100),
('201601081001', '33', 1, 100),
('201601101001', '33', 1, 100),
('201601101003', '33', 1, 100),
('201601101005', '33', 1, 100),
('201601081003', '34', 1, 100),
('201601101002', '34', 1, 100),
('201601081001', '35', 1, 100),
('201601071008', '40', 1, 100),
('201601071017', '40', 1, 100),
('201601071018', '40', 1, 100),
('201601101002', '40', 2, 100),
('201601101001', '41', 13, 100),
('201601101004', '41', 1, 100),
('201601071014', '42', 1, 100),
('201601081002', '7', 1, 1000),
('201601101004', '7', 1, 1000),
('201601071011', '8', 1, 1000),
('201601081001', '8', 1, 1000),
('201601101004', '8', 1, 1000);

-- --------------------------------------------------------

--
-- 資料表結構 `購物車明細`
--

CREATE TABLE IF NOT EXISTS `購物車明細` (
  `使用者_帳號` varchar(20) DEFAULT NULL,
  `商品_商品編號` varchar(20) DEFAULT NULL,
  `數量` int(10) unsigned DEFAULT NULL,
  `單價` int(10) unsigned DEFAULT NULL
) ENGINE=InnoDB DEFAULT CHARSET=utf8;

--
-- 資料表的匯出資料 `購物車明細`
--

INSERT INTO `購物車明細` (`使用者_帳號`, `商品_商品編號`, `數量`, `單價`) VALUES
('', '20', 1, 100),
('', '26', 1, 100),
('chen', '40', 1, 100);

--
-- 已匯出資料表的索引
--

--
-- 資料表索引 `使用者`
--
ALTER TABLE `使用者`
  ADD PRIMARY KEY (`帳號`);

--
-- 資料表索引 `商品`
--
ALTER TABLE `商品`
  ADD PRIMARY KEY (`商品編號`),
  ADD KEY `商品類別_類別編號` (`商品類別_類別編號`);

--
-- 資料表索引 `商品類別`
--
ALTER TABLE `商品類別`
  ADD PRIMARY KEY (`類別編號`);

--
-- 資料表索引 `訂單`
--
ALTER TABLE `訂單`
  ADD PRIMARY KEY (`訂單編號`),
  ADD KEY `使用者_帳號` (`使用者_帳號`);

--
-- 資料表索引 `訂單明細`
--
ALTER TABLE `訂單明細`
  ADD PRIMARY KEY (`商品_商品編號`,`訂單_訂單編號`),
  ADD KEY `訂單_訂單編號` (`訂單_訂單編號`);

--
-- 資料表索引 `購物車明細`
--
ALTER TABLE `購物車明細`
  ADD KEY `使用者_帳號` (`使用者_帳號`),
  ADD KEY `商品_商品編號` (`商品_商品編號`);

--
-- 已匯出資料表的限制(Constraint)
--

--
-- 資料表的 Constraints `商品`
--
ALTER TABLE `商品`
  ADD CONSTRAINT `商品_ibfk_1` FOREIGN KEY (`商品類別_類別編號`) REFERENCES `商品類別` (`類別編號`) ON DELETE NO ACTION ON UPDATE NO ACTION;

--
-- 資料表的 Constraints `訂單`
--
ALTER TABLE `訂單`
  ADD CONSTRAINT `訂單_ibfk_1` FOREIGN KEY (`使用者_帳號`) REFERENCES `使用者` (`帳號`) ON DELETE NO ACTION ON UPDATE NO ACTION;

--
-- 資料表的 Constraints `訂單明細`
--
ALTER TABLE `訂單明細`
  ADD CONSTRAINT `訂單明細_ibfk_1` FOREIGN KEY (`訂單_訂單編號`) REFERENCES `訂單` (`訂單編號`) ON DELETE NO ACTION ON UPDATE NO ACTION,
  ADD CONSTRAINT `訂單明細_ibfk_2` FOREIGN KEY (`商品_商品編號`) REFERENCES `商品` (`商品編號`) ON DELETE NO ACTION ON UPDATE NO ACTION;

--
-- 資料表的 Constraints `購物車明細`
--
ALTER TABLE `購物車明細`
  ADD CONSTRAINT `購物車明細_ibfk_1` FOREIGN KEY (`使用者_帳號`) REFERENCES `使用者` (`帳號`) ON DELETE NO ACTION ON UPDATE NO ACTION,
  ADD CONSTRAINT `購物車明細_ibfk_2` FOREIGN KEY (`商品_商品編號`) REFERENCES `商品` (`商品編號`) ON DELETE NO ACTION ON UPDATE NO ACTION;

/*!40101 SET CHARACTER_SET_CLIENT=@OLD_CHARACTER_SET_CLIENT */;
/*!40101 SET CHARACTER_SET_RESULTS=@OLD_CHARACTER_SET_RESULTS */;
/*!40101 SET COLLATION_CONNECTION=@OLD_COLLATION_CONNECTION */;
